Sr No,Brand Name,Category Name,Product Code,Product Name,MRP,Discount,GST @18%,PKG
1,Great White,Fiana Model-mn,20101 - MN,Fiana 10a 1way Switch-mn,20,,,0
2,Great White,Fiana Model-mn,20102 - MN,Fiana 10a 2way Switch-mn,179,,,0
3,Great White,Fiana Model-mn,,Fiana 10a Bell Switch-2m With Indicator-mn,217,,,0
4,Great White,Fiana Model-mn,20103-MN,Fiana 10a Bell Switch-mn,174,,,0
5,Great White,Fiana Model-mn,,Fiana 12m Evo Plate_mn,398,,,0
6,Great White,Fiana Model-mn,,Fiana 16a Sp Mcb Mn,387,,,0
7,Great White,Fiana Model-mn,,Fiana 18m Evo Plate_mn,504,,,0
8,Great White,Fiana Model-mn,,Fiana 1m Evo Plate_mn,165,,,0
9,Great White,Fiana Model-mn,,Fiana 20a 1way Switch W/led Mn,198,,,0
10,Great White,Fiana Model-mn,,Fiana 20a 1way Switch-mn,161,,,0
11,Great White,Fiana Model-mn,,Fiana 20a 2way Switch_mn,233,,,0
12,Great White,Fiana Model-mn,,Fiana 25a Sp Mcb_mn,387,,,0
13,Great White,Fiana Model-mn,,Fiana 2m Evo Plate_mn,165,,,0
14,Great White,Fiana Model-mn,,Fiana 32a Dp Switch-mn,500,,,0
15,Great White,Fiana Model-mn,,Fiana 32a Sp Mcb_mn,387,,,0
16,Great White,Fiana Model-mn,,Fiana 3m Evo Plate_mn,186,,,0
17,Great White,Fiana Model-mn,,Fiana 4m Evo Plate_mn,207,,,0
18,Great White,Fiana Model-mn,,Fiana 6/16a-power Socket-mn,306,,,0
19,Great White,Fiana Model-mn,,Fiana 6a 3 Pin Socket-mn,45,,,0
20,Great White,Fiana Model-mn,,Fiana 6m Evo Plate_mn,281,,,0
21,Great White,Fiana Model-mn,,Fiana 8m H Evo Plate_mn,323,,,0
22,Great White,Fiana Model-mn,,Fiana Blanking Plate-mn,35,,,0
23,Great White,Fiana Model-mn,,Fiana Fan Regulator-1m-mn,400,,,0
24,Great White,Fiana Model-mn,,Fiana Fan Regulator-2m-mn,565,,,0
25,Great White,Fiana Model-mn,,Fiana Flat 10a 1way Switch Mn,20,,,0
26,Great White,Fiana Model-mn,,Fiana Flat 10a 2way Switch Mn,187,,,0
27,Great White,Fiana Model-mn,20103 - MN,Fiana Flat 10a Bell Push Mn,183,,,0
28,Great White,Fiana Model-mn,20212 - MN,Fiana Flat 10a Bell Push With Indicator Mn,191,,,0
29,Great White,Fiana Model-mn,,Fiana Flat 20a 1way Switch With Indicator Mn,208,,,0
30,Great White,Fiana Model-mn,,Fiana Flat 20a 1way Switch_mn,169,,,0
31,Great White,Fiana Model-mn,,Fiana Flat 32a Dp Switch With Indicator 2m Mn,518,,,0
32,Great White,Fiana Model-wh,,Fiana 10a 1way Switch_wh,17,,,0
33,Great White,Fiana Model-wh,,Fiana 10a 2way Switch,151,,,0
34,Great White,Fiana Model-wh,,Fiana 10a Bell Switch-2m,175,,,0
35,Great White,Fiana Model-wh,,Fiana 10a Bell Switch-2m With Indicator_wh,198,,,0
36,Great White,Fiana Model-wh,,Fiana 10a Bell Switch_wh,158,,,0
37,Great White,Fiana Model-wh,,Fiana 10a Sp Mcb,351,,,0
38,Great White,Fiana Model-wh,,Fiana 12m Evo Plate_chrome White,330,,,0
39,Great White,Fiana Model-wh,,Fiana 12m Twin Plate_ White,0,,,0
40,Great White,Fiana Model-wh,,Fiana 16a Sp Mcb,351,,,0
41,Great White,Fiana Model-wh,,Fiana 16m Evo Plate_chrome White,355,,,0
42,Great White,Fiana Model-wh,,Fiana 18m Evo Plate_chrome White,412,,,0
43,Great White,Fiana Model-wh,,Fiana 1m Evo Plate_chrome White,99,,,0
44,Great White,Fiana Model-wh,,Fiana 20a 1way Switch,151,,,0
45,Great White,Fiana Model-wh,,Fiana 20a 1way Switch W/led,180,,,0
46,Great White,Fiana Model-wh,,Fiana 20a 2way Switch,212,,,0
47,Great White,Fiana Model-wh,,Fiana 20a Sp Mcb,351,,,0
48,Great White,Fiana Model-wh,,Fiana 25a Sp Mcb_wh,351,,,0
49,Great White,Fiana Model-wh,,Fiana 2m Evo Plate_chrome White,99,,,0
50,Great White,Fiana Model-wh,,Fiana 2m Twin Plate_ White,0,,,0
51,Great White,Fiana Model-wh,,Fiana 32a Dp Switch,480,,,0
52,Great White,Fiana Model-wh,,Fiana 32a Sp Mcb,351,,,0
53,Great White,Fiana Model-wh,,Fiana 3m Evo Plate_chrome White,125,,,0
54,Great White,Fiana Model-wh,,Fiana 3m Twin Plate_ White,0,,,0
55,Great White,Fiana Model-wh,,Fiana 4m Evo Plate_chrome White,152,,,0
56,Great White,Fiana Model-wh,,Fiana 4m Twin Plate_ White,0,,,0
57,Great White,Fiana Model-wh,,Fiana 6/16a-power Socket-wh,280,,,0
58,Great White,Fiana Model-wh,,Fiana 6a 3 Pin Socket_wh,39,,,0
59,Great White,Fiana Model-wh,,Fiana 6m Evo Plate_chrome White,207,,,0
60,Great White,Fiana Model-wh,,Fiana 6m Twin Plate_ White,0,,,0
61,Great White,Fiana Model-wh,,Fiana 8m Evo Plate_chrome White,260,,,0
62,Great White,Fiana Model-wh,,Fiana 8m H Twin Plate_ White,0,,,0
63,Great White,Fiana Model-wh,,Fiana Blanking Plate,32,,,0
64,Great White,Fiana Model-wh,,Fiana C Type Charger,1472,,,0
65,Great White,Fiana Model-wh,,Fiana Fan Regulator-1m,361,,,0
66,Great White,Fiana Model-wh,,Fiana Fan Regulator-2m,512,,,0
67,Great White,Fiana Model-wh,,Fiana Flat 10a 1way Switch_wh,17,,,0
68,Great White,Fiana Model-wh,,Fiana Flat 10a 2way Switch-wh,171,,,0
69,Great White,Fiana Model-wh,,Fiana Flat 10a Bell Push With Indicator-wh,175,,,0
70,Great White,Fiana Model-wh,,Fiana Flat 10a Bell Push_wh,166,,,0
71,Great White,Fiana Model-wh,,Fiana Flat 20a 1way Switch_wh,154,,,0
72,Great White,Fiana Model-wh,,Fiana Flat 32a Dp Switch With Indicator_wh,249,,,0
73,Great White,Fiana Model-wh,,Fiana Night Lamp (red),91,,,0
74,Great White,Fiana Model-wh,,Fiana Telephone Socket Rj11,142,,,0
75,Great White,Fiana Model-wh,,Fiana Usb Charger,0,,,0
76,Great White,Fiana Model-wh,,Socket Outlet (rj-45) ( For Ethernet),143,,,0
77,Great White,Fiana Model-wh,,Tv Socket Outlet,143,,,0
78,Great White,Gw Distribution Box,,Gw 12 Way Spn Dd Mcb Box,1891,,,0
79,Great White,Gw Distribution Box,,Gw 12 Way Tpn Dd Mcb Box,6202,,,0
80,Great White,Gw Distribution Box,,Gw 16 Way Spn Dd Mcb Box,2395,,,0
81,Great White,Gw Distribution Box,,Gw 4 Way Spn Dd Mcb Box,1171,,,0
82,Great White,Gw Distribution Box,,Gw 4 Way Tpn Dd Mcb Box,3024,,,0
83,Great White,Gw Distribution Box,,Gw 6 Way Spn Dd Mcb Box,1344,,,0
84,Great White,Gw Distribution Box,,Gw 6 Way Tpn Dd Mcb Box,3710,,,0
85,Great White,Gw Distribution Box,,Gw 8 Way Spn Dd Mcb Box,1493,,,0
86,Great White,Gw Distribution Box,,Gw 8 Way Tpn Dd Mcb Box,4574,,,0
87,Great White,Gw Metal Box,,Gw Metal Box 1 Model,108,,,0
88,Great White,Gw Metal Box,,Gw Metal Box 12 Model,397,,,0
89,Great White,Gw Metal Box,,Gw Metal Box 18 Model,493,,,0
90,Great White,Gw Metal Box,,Gw Metal Box 3 Model,150,,,0
91,Great White,Gw Metal Box,,Gw Metal Box 4 Model,182,,,0
92,Great White,Gw Metal Box,,Gw Metal Box 6 Model,248,,,0
93,Great White,Gw Metal Box,,Gw Metal Box 8h Model,325,,,0
94,Great White,Gw Outer Box,,Outer Box With Cover-ip55-2m,594,,,0
95,Great White,Gw Outer Box,,Outer Box With Cover-ip55-3m,699,,,0
96,Great White,Gw Outer Box,,Outer Box With Cover-ip55-4m,940,,,0
97,Great White,Gw Petra,,Petra 16a 3 Pin Top,132,,,0
98,Great White,Gw Petra,,Petra 6a 1 Way Switch,12,,,0
99,Great White,Gw Petra,,Petra 6a 3 Pin Socket,28,,,0
100,Great White,Gw Petra,,Petra 6a 3 Pin Top,98,,,0
101,Great White,Gw Petra,,Petra Angle Holder,42,,,0
102,Great White,Gw Petra,,Petra Batten Holder,42,,,0
103,Great White,Gw Petra,,Petra Mini Celing Rose 2 Part,50,,,0
104,Great White,Gw Petra,,Petra Ora Angle Holder (metal Ring),72,,,0
105,Great White,Gw Petra,,Petra Ora Batten Holder (metal Ring),72,,,0
106,Great White,Gw Petra,,Petra Orix Angle Holder,60,,,0
107,Great White,Gw Petra,,Petra Orix Batten Holder (metal Ring),60,,,0
108,Great White,Gw Petra,,Petra S.s Combine 5 In 1 W/i,338,,,0
109,Great White,Gw Petra,,Petra S.s. Combined Without Shutter,328,,,0
110,Great White,Gw Petra,,Petra Ss Combine W/box (4h),328,,,0
111,Great White,Gw Pipes And Accessories,,Gw - Junction Box 3way 20mm-white,0,,,0
112,Great White,Gw Pipes And Accessories,,Gw - Junction Box 4way 20mm-white,0,,,0
113,Great White,Gw Pipes And Accessories,,Gw Conduite Pipe - Hms - 25mm-white,0,,,0
114,Great White,Gw Pipes And Accessories,,Gw Conduite Pipe - Lms - 25mm-white,0,,,0
115,Great White,Gw Pipes And Accessories,,Gw Conduite Pipe - Mms - 25mm-white,0,,,0
116,Great White,Gw Pipes And Accessories,,Gw- Bend 20mm-white,0,,,0
117,Great White,Gw Pipes And Accessories,,Gw- Bend 25mm-white,0,,,0
118,Great White,Gw Pipes And Accessories,,Gw- Junction Box 3way 25mm-white,0,,,0
119,Great White,Gw Pipes And Accessories,,Gw-junction Box 4way 25mm-white,0,,,0
120,Great White,Gw Pipes And Accessories,,Gw-pvc Saddle 25mm-white,0,,,0
121,Great White,Gw Surface Box,,Fiana 12m Surface Box With Plate,188,,,0
122,Great White,Gw Surface Box,,Fiana 18m Surface Box With Plate,258,,,0
123,Great White,Gw Surface Box,,Fiana 1m Surface Box With Plate,61,,,0
124,Great White,Gw Surface Box,,Fiana 2m Surface Box With Plate,72,,,0
125,Great White,Gw Surface Box,,Fiana 3m Surface Box With Plate,91,,,0
126,Great White,Gw Surface Box,,Fiana 4m Surface Box With Plate,105,,,0
127,Great White,Gw Surface Box,,Fiana 6m Surface Box With Plate,131,,,0
128,Great White,Gw Surface Box,,Fiana 8m-h Surface Box With Plate,154,,,0
129,Great White,Gw Tape,,Gw Tape - Black,7,,,0
130,Great White,Gw Tape,,Gw Tape - Blue,7,,,0
131,Great White,Gw Tape,,Gw Tape - Green,7,,,0
132,Great White,Gw Tape,,Gw Tape - Red,7,,,0
133,Great White,Gw Tape,,Gw Tape - Yellow,7,,,0
134,Halonix,Appliances,,Halo Grip Pvc Tape (black),7,,,0
135,Halonix,Appliances,,Halo Grip Pvc Tape (blue),7,,,0
136,Halonix,Appliances,,Halo Grip Pvc Tape (green),7,,,0
137,Halonix,Appliances,,Halo Grip Pvc Tape (red),7,,,0
138,Halonix,Appliances,,Halo Grip Pvc Tape (white),7,,,0
139,Halonix,Appliances,,Halo Grip Pvc Tape (yellow),7,,,0
140,Halonix,Appliances,,Halonix Agni Torch 3w Rechargable,241.73,,,0
141,Halonix,Appliances,,Halonix Alpha Iron 1000w,512,,,0
142,Halonix,Appliances,,Halonix Classic Iron 1000w,707,,,0
143,Halonix,Appliances,,Halonix Classic Pro Iron 1000w,757,,,0
144,Halonix,Appliances,,Halonix Dynamic Iron 1000w,512,,,0
145,Halonix,Appliances,,Halonix Fan-o Light Bldc 20w,0,,,0
146,Halonix,Appliances,,Halonix Fan-o-glow Desk Light 3w,395,,,0
147,Halonix,Appliances,,Halonix Flair Fusion Box 16a,212,,,0
148,Halonix,Appliances,,Halonix Flair Fusion Box Duos 16a,239,,,0
149,Halonix,Appliances,,Halonix Flair Plug Top 16a,61,,,0
150,Halonix,Appliances,,Halonix Flair Plug Top 6a,39,,,0
151,Halonix,Appliances,,Halonix Flair Pro Plug Top 16a ( Indicator),64,,,0
152,Halonix,Appliances,,Halonix Flair Pro Plug Top 6a (indicator),41,,,0
153,Halonix,Appliances,,Halonix Flatron Iron 1000w,434,,,0
154,Halonix,Appliances,,Halonix Flatron Neo Iron 600w,373,,,0
155,Halonix,Appliances,,Halonix Glimer Pro Torch 5w +3w Usb,465,,,0
156,Halonix,Appliances,,Halonix Jasper Neo Ceramic Heater 1000w,566,,,0
157,Halonix,Appliances,,Halonix Jasper Pro Carbon Heater 1500w,3113,,,0
158,Halonix,Appliances,,Halonix Jasper Quartz Heater 800w,814,,,0
159,Halonix,Appliances,,Halonix Magma Fan Room Heater 1600w,823,,,0
160,Halonix,Appliances,,Halonix Magma Plus Fan Room Heater 1600w,1015,,,0
161,Halonix,Appliances,,Halonix Magma Pro Fan Room Heater 2000w,1687,,,0
162,Halonix,Appliances,,Halonix Magnus Desk Light,332,,,0
163,Halonix,Appliances,,Halonix Massal Mini Torch 1w,84,,,0
164,Halonix,Appliances,,Halonix Massal Neon Torch (1w),96,,,0
165,Halonix,Appliances,,Halonix Massal Xl Torch,103,,,0
166,Halonix,Appliances,,Halonix Mini Lite Torch (rechargable),188,,,0
167,Halonix,Appliances,,Halonix Nova Caldo Immersion Rod 1000w,348,,,0
168,Halonix,Appliances,,Halonix Nova Caldo Immersion Rod 1500w,366,,,0
169,Halonix,Appliances,,Halonix Nova Premio Immersion Rod 1000w,319,,,0
170,Halonix,Appliances,,Halonix Nova Premio Immersion Rod 1500w,337,,,0
171,Halonix,Appliances,,Halonix Sonic Ding Dong Bell,118,,,0
172,Halonix,Appliances,,Halonix Sonic Hexa Melody Door Bell,192,,,0
173,Halonix,Appliances,,Halonix Sonic Marvel Church Door Bell,133,,,0
174,Halonix,Appliances,,Halonix Sonic Marvel Gayatri Mantra Door Bell,133,,,0
175,Halonix,Appliances,,Halonix Strike Bug Zapper Blue,217,,,0
176,Halonix,Appliances,,Halonix Strike Bug Zapper Orange,217,,,0
177,Halonix,Appliances,,Halonix Strike+ Bug Zapper Red,354,,,0
178,Halonix,Appliances,,Halonix Triny Pro Extn Cord (4m),222,,,0
179,Halonix,Appliances,,Halonix Triny Pro Extn Cord (8m),291,,,0
180,Halonix,Appliances,,Halonix Xtend Circlet (2m),361,,,0
181,Halonix,Appliances,,Halonix Xtend Circlet (4m),400,,,0
182,Halonix,Appliances,,Halonix Xtend Mini Multi Plug,62,,,0
183,Halonix,Appliances,,Halonix Xtend Power Cord (5mtr),317,,,0
184,Halonix,Appliances,,Halonix Xtend+ Spike Guard (1.6m),241,,,0
185,Halonix,Distribution Box,,Halonix Sure Db 12 Way Spn (dd),758,,,0
186,Halonix,Distribution Box,,Halonix Sure Db 16 Way Spn (dd),883,,,0
187,Halonix,Distribution Box,,Halonix Sure Db 4 Way Tpn (dd),1451,,,0
188,Halonix,Distribution Box,,Halonix Sure Db 6 Way Spn (dd),568,,,0
189,Halonix,Distribution Box,,Halonix Sure Db 6 Way Tpn (dd),1706,,,0
190,Halonix,Distribution Box,,Halonix Sure Db 8 Way Spn (dd),631,,,0
191,Halonix,Exhaust Fan,,Halonix Axo-air Rg White Exhaust Fan 100mm,589,,,0
192,Halonix,Exhaust Fan,,Halonix Axo-air Rg White Exhaust Fan 150mm,664,,,0
193,Halonix,Exhaust Fan,,Halonix Breeze Portable Fan 10w,0,,,0
194,Halonix,Exhaust Fan,,Halonix Fresh-o-air Metal Exhaust 230mm,975,,,0
195,Halonix,Exhaust Fan,,Halonix Fresh-o-air Metal Exhaust 230mm Hs,1124,,,0
196,Halonix,Exhaust Fan,,Halonix Fresh-o-air Metal Exhaust 300mm,1158,,,0
197,Halonix,Exhaust Fan,,Halonix Krypton Hs Metal Exhaust 230mm,1125,,,0
198,Halonix,Exhaust Fan,,Halonix Krypton Metal Exhaust 230mm,975,,,0
199,Halonix,Exhaust Fan,,Halonix Trans-o-air Metal Exhaust 230mm,1605,,,0
200,Halonix,Exhaust Fan,,Halonix Vent-o-air Neo Exhaust Fan 150mm,840,,,0
201,Halonix,Exhaust Fan,,Halonix Vent-o-air Neo Exhaust Fan 200mm,902,,,0
202,Halonix,Exhaust Fan,,Halonix Vent-o-air Neo Exhaust Fan 200mm (black),902,,,0
203,Halonix,Exhaust Fan,,Halonix Vent-o-air Neo Exhaust Fan 250mm,1001,,,0
204,Halonix,Exhaust Fan,,Halonix Vent-o-air Neo Exhaust Fan 250mm (black),1001,,,0
205,Halonix,Halogen,,Halonix Halogen 1000w,83,,,0
206,Halonix,Halogen,,Halonix Halogen 500w,63,,,0
207,Halonix,Halogen,,Halonix Halogen Video 1000w,112,,,0
208,Halonix,Halogen,,Halonix Well Glass Led Fitting  40w,0,,,0
209,Halonix,Led Bulb & Batten,,Halonix Astron Jumbo Blaze 100w B22 (cw) (6k),755,,,0
210,Halonix,Led Bulb & Batten,,Halonix Astron Jumbo Blaze 30w B22 (cw) (6k),189,,,0
211,Halonix,Led Bulb & Batten,,Halonix Astron Jumbo Blaze 30w B22 (ww) (3k),189,,,0
212,Halonix,Led Bulb & Batten,,Halonix Astron Jumbo Blaze 30w E27 (cw) (6k),193,,,0
213,Halonix,Led Bulb & Batten,,Halonix Astron Jumbo Blaze 30w E27 (ww) (3k),193,,,0
214,Halonix,Led Bulb & Batten,,Halonix Astron Jumbo Blaze 40w B22 (cw) (6k),284,,,0
215,Halonix,Led Bulb & Batten,,Halonix Astron Jumbo Blaze 40w B22 (ww) (3k),284,,,0
216,Halonix,Led Bulb & Batten,,Halonix Astron Jumbo Blaze 50w B22 (cw) (6k),385,,,0
217,Halonix,Led Bulb & Batten,,Halonix Astron Jumbo Blaze 60w B22 (cw) (6k),596,,,0
218,Halonix,Led Bulb & Batten,,Halonix Astron Jumbo Blaze 70w B22 (cw) (6k),667,,,0
219,Halonix,Led Bulb & Batten,,Halonix Astron Plus 12w B22 (cw) (6k),59,,,0
220,Halonix,Led Bulb & Batten,,Halonix Astron Plus 12w B22 (ww) (3k),59,,,0
221,Halonix,Led Bulb & Batten,,Halonix Astron Plus 12w E27 (cw) (6k),63,,,0
222,Halonix,Led Bulb & Batten,,Halonix Astron Plus 15w B22 (cw) (6k),96,,,0
223,Halonix,Led Bulb & Batten,,Halonix Astron Plus 15w B22 (ww) (3k),96,,,0
224,Halonix,Led Bulb & Batten,,Halonix Astron Plus 15w E27 (cw) (6k),99.54,,,0
225,Halonix,Led Bulb & Batten,,Halonix Astron Plus 15w E27 (ww) (3k),99.54,,,0
226,Halonix,Led Bulb & Batten,,Halonix Astron Plus 2.9w B22 (cw) (6k),34,,,0
227,Halonix,Led Bulb & Batten,,Halonix Astron Plus 2.9w B22 (ww) (3k),34,,,0
228,Halonix,Led Bulb & Batten,,Halonix Astron Plus 20w B22 (cw) (6k),147,,,0
229,Halonix,Led Bulb & Batten,,Halonix Astron Plus 20w E27 (ww) (3k),151,,,0
230,Halonix,Led Bulb & Batten,,Halonix Astron Plus 24w B22 (cw) (6k),183,,,0
231,Halonix,Led Bulb & Batten,,Halonix Astron Plus 4.9w B22 (cw) (6k),34,,,0
232,Halonix,Led Bulb & Batten,,Halonix Astron Plus 4.9w B22 (ww) (3k),34,,,0
233,Halonix,Led Bulb & Batten,,Halonix Astron Plus 4.9w E27 (cw) (6k),38,,,0
234,Halonix,Led Bulb & Batten,,Halonix Astron Plus 4.9w E27 (ww) (3k),38,,,0
235,Halonix,Led Bulb & Batten,,Halonix Astron Plus 7w B22 (cw) (6k),31,,,0
236,Halonix,Led Bulb & Batten,,Halonix Astron Plus 7w B22 (ww) (3k),31,,,0
237,Halonix,Led Bulb & Batten,,Halonix Astron Plus 7w E27 (cw) (6k),35,,,0
238,Halonix,Led Bulb & Batten,,Halonix Astron Plus 7w E27 (ww) (3k),35,,,0
239,Halonix,Led Bulb & Batten,,Halonix Astron Plus 9w B22 (cw) (6k),31,,,0
240,Halonix,Led Bulb & Batten,,Halonix Astron Plus 9w B22 (ww) (3k),31,,,0
241,Halonix,Led Bulb & Batten,,Halonix Astron Plus 9w B22 Amber,45,,,0
242,Halonix,Led Bulb & Batten,,Halonix Astron Plus 9w B22 Blue,45,,,0
243,Halonix,Led Bulb & Batten,,Halonix Astron Plus 9w B22 Green,45,,,0
244,Halonix,Led Bulb & Batten,,Halonix Astron Plus 9w B22 Pink,45,,,0
245,Halonix,Led Bulb & Batten,,Halonix Astron Plus 9w B22 Red,45,,,0
246,Halonix,Led Bulb & Batten,,Halonix Batten Flatron 100w (cw) (6k) Al,1085,,,0
247,Halonix,Led Bulb & Batten,,Halonix Batten Flatron 80w (cw) (6k) Al,814,,,0
248,Halonix,Led Bulb & Batten,,Halonix Batten Streak Sq 10w (cw) (6k),98,,,0
249,Halonix,Led Bulb & Batten,,Halonix Batten Streak Sq 22w (cw) (6k),103,,,0
250,Halonix,Led Bulb & Batten,,Halonix Batten Streak Sq 26w (cw) (6k),164,,,0
251,Halonix,Led Bulb & Batten,,Halonix Batten Streak Sq 5w (cw) (6k),92,,,0
252,Halonix,Led Bulb & Batten,,Halonix Batten Streak Sq 60w (cw) (6k) Al,487,,,0
253,Halonix,Led Bulb & Batten,,Halonix Batten Streak Sq Neo 20w (6k) 2 Fit,93,,,0
254,Halonix,Led Bulb & Batten,,Halonix Batten Streak Sq Neo 20w (cw) (6k),118,,,0
255,Halonix,Led Bulb & Batten,,Halonix Batten Streak Sq Neo 20w (ww) (3k),118,,,0
256,Halonix,Led Bulb & Batten,,Halonix Bulb 0.5w Full Dome Blue B22,21,,,0
257,Halonix,Led Bulb & Batten,,Halonix Bulb 0.5w Full Dome Green B22,21,,,0
258,Halonix,Led Bulb & Batten,,Halonix Bulb 0.5w Full Dome Pink B22,21,,,0
259,Halonix,Led Bulb & Batten,,Halonix Bulb 0.5w Full Dome Red B22,21,,,0
260,Halonix,Led Bulb & Batten,,Halonix Bulb 0.5w Full Dome White B22,21,,,0
261,Halonix,Led Bulb & Batten,,Halonix Bulb 0.5w Full Dome Yellow B22,21,,,0
262,Halonix,Led Bulb & Batten,,Halonix Dj Speaker Bulb 9w B22 (cw),580,,,0
263,Halonix,Led Bulb & Batten,,Halonix Flex Inverter 5w (cw) (6k),195,,,0
264,Halonix,Led Bulb & Batten,,Halonix Inverter Bulb 12w B22 (cw) (6k),266,,,0
265,Halonix,Led Bulb & Batten,,Halonix Inverter Bulb 15w B22 (cw) (6k),360,,,0
266,Halonix,Led Bulb & Batten,,Halonix Inverter Bulb 20w B22 (cw) (6k),451,,,0
267,Halonix,Led Bulb & Batten,,Halonix Inverter Bulb 30w B22 (cw) (6k),614,,,0
268,Halonix,Led Bulb & Batten,,Halonix Inverter Bulb 50w B22(cw) (6k),802,,,0
269,Halonix,Led Bulb & Batten,,Halonix Inverter Bulb 9w B22 (cw) (6k),193,,,0
270,Halonix,Led Bulb & Batten,,Halonix Inverter Mini Tube 10w B22 (cw) (6k),277,,,0
271,Halonix,Led Bulb & Batten,,Halonix Lotus Batten 36w (cw) (6k),255,,,0
272,Halonix,Led Bulb & Batten,,Halonix Lotus Batten 40w (cw) (6k),305,,,0
273,Halonix,Led Bulb & Batten,,Halonix Lotus Batten 48w (cw) (6k),413,,,0
274,Halonix,Led Bulb & Batten,,Halonix Prime Inverter Batten 10w (cw) (6k),355,,,0
275,Halonix,Led Bulb & Batten,,Halonix Radar 10w B22 (cw) (6k),187,,,0
276,Halonix,Led Bulb & Batten,,Halonix Speaker Bulb 9w B22 (cw) (6k),382,,,0
277,Halonix,Led Bulb & Batten,,Halonix Star Candle 4.9w E14 (ww) (3k),86,,,0
278,Halonix,Led Bulb & Batten,,Halonix Star Mushroom 4.9w B22 (ww) (3k),103,,,0
279,Halonix,Led Bulb & Batten,,Halonix Star Mushroom 4.9w E27 (ww) (3k),106.5,,,0
280,Halonix,Led Bulb & Batten,,Mini Tube Light 10w B22 (cw) (6k),94,,,0
281,Halonix,Led Bulb & Batten,,Mini Tube Light 10w B22 (ww) (3k),94,,,0
282,Halonix,Led Bulb & Batten,,Mini Tube Light 10w B22 Trios,138,,,0
283,Halonix,Led Bulb & Batten,,Mini Tube Light 15w B22 (cw) (6k),167,,,0
284,Halonix,Led Bulb & Batten,,Mini Tube Light 30w B22 (cw) (6k),286,,,0
285,Halonix,Lighting,,Halo Spot Led Downlight 3w Rd (3k),107,,,0
286,Halonix,Lighting,,Halo Spot Led Downlight 6w Rd (4k),140,,,0
287,Halonix,Lighting,,Halo Spot Led Downlight 6w Rd (cw) (6k),140,,,0
288,Halonix,Lighting,,Halo Spot Led Downlight 6w Rd (ww) (3k),140,,,0
289,Halonix,Lighting,,Halonix Ace Pro Panel 10w Rd (cw) (6k) (driver),254,,,0
290,Halonix,Lighting,,Halonix Ace Pro Panel 10w Sqr (cw) (6k) (driver),254,,,0
291,Halonix,Lighting,,Halonix Ace Pro Panel 15w Rd (cw) (6k) (driver),287,,,0
292,Halonix,Lighting,,Halonix Ace Pro Panel 15w Rd (nw) (4k) (driver),287,,,0
293,Halonix,Lighting,,Halonix Ace Pro Panel 15w Sq (cw) (6k) (driver),287,,,0
294,Halonix,Lighting,,Halonix Ace Pro Panel 18w Rd (cw) (6k) (driver),428,,,0
295,Halonix,Lighting,,Halonix Ace Pro Panel 18w Rd (ww) (3k) (driver),428,,,0
296,Halonix,Lighting,,Halonix Ace Pro Panel 18w Sqr (cw) (6k) (driver),428,,,0
297,Halonix,Lighting,,Halonix Ace Pro Panel 6w Rd (cw) (6k) (driver),177,,,0
298,Halonix,Lighting,,Halonix Cosma Neo Rm Panel 18w Rd (ww) (3k),0,,,0
299,Halonix,Lighting,,Halonix Downlight Mun Pro 15w (cw) (6k),260,,,0
300,Halonix,Lighting,,Halonix Downlight Mun Pro 8w (cw) (6k),221,,,0
301,Halonix,Lighting,,Halonix Edge-0-glow Panel 3w (cw) (ww),159,,,0
302,Halonix,Lighting,,Halonix Floz Flood Light 100w (cw) (6k),1939,,,0
303,Halonix,Lighting,,Halonix Jazz Multi Watt Panel 10w Rd (cw) (6k),0,,,0
304,Halonix,Lighting,,Halonix Jazz Multi Watt Panel 15w Rd (cw) (6k),0,,,0
305,Halonix,Lighting,,Halonix Jazz Panel 12w Rd (cw )(6k) (4inch),159,,,0
306,Halonix,Lighting,,Halonix Jazz Panel 12w Rd (cw )(6k)(5 Inch),159,,,0
307,Halonix,Lighting,,Halonix Jazz Panel 12w Sq (cw) (6k) (4inch),159,,,0
308,Halonix,Lighting,,Halonix Jazz Panel 12w Sq (cw) (6k) (5inch),159,,,0
309,Halonix,Lighting,,Halonix Jazz Panel 15w Rd (cw) (6k) (4 Inch),183,,,0
310,Halonix,Lighting,,Halonix Jazz Panel 15w Rd (cw) (6k) (6inch),183,,,0
311,Halonix,Lighting,,Halonix Jazz Panel 15w Sq (cw) (6k) (4 Inch),183,,,0
312,Halonix,Lighting,,Halonix Jazz Panel 15w Sq (cw) (6k) (6inch),183,,,0
313,Halonix,Lighting,,Halonix Jazz Panel 18w Rd (cw) (6k),132,,,0
314,Halonix,Lighting,,Halonix Jazz Panel 18w Sqr (cw) (6k),132,,,0
315,Halonix,Lighting,,Halonix Jazz Panel 24w Sqr (cw) (6k),293,,,0
316,Halonix,Lighting,,Halonix Jazz Panel 6w Rd (cw) (6k),110,,,0
317,Halonix,Lighting,,Halonix Kornet Mini 3w (cw) (6k),61,,,0
318,Halonix,Lighting,,Halonix Kornet Mini 3w (ww) (3k),61,,,0
319,Halonix,Lighting,,Halonix Kornet Mini 3w Blue,61,,,0
320,Halonix,Lighting,,Halonix Kornet Mini 3w Green,61,,,0
321,Halonix,Lighting,,Halonix Kornet Mini 3w Pink,61,,,0
322,Halonix,Lighting,,Halonix Kornet Mini 3w Purple,61,,,0
323,Halonix,Lighting,,Halonix Kornet Mini 3w Red,61,,,0
324,Halonix,Lighting,,Halonix Lumin Street Light 30w (6k),0,,,0
325,Halonix,Lighting,,Halonix Mini Spot 2w Rd (3k),54,,,0
326,Halonix,Lighting,,Halonix Mini Spot 2w Rd (6k),54,,,0
327,Halonix,Lighting,,Halonix Mini Spot 2w Rd Blue,54,,,0
328,Halonix,Lighting,,Halonix Mini Spot 2w Rd Green,54,,,0
329,Halonix,Lighting,,Halonix Mini Spot 2w Rd Pink,54,,,0
330,Halonix,Lighting,,Halonix Mini Spot 2w Rd Red,54,,,0
331,Halonix,Lighting,,Halonix Orion Multi Watt Surface Panel 10w (rd),0,,,0
332,Halonix,Lighting,,Halonix Orion Multi Watt Surface Panel 15w (rd),0,,,0
333,Halonix,Lighting,,Halonix Orion Sensor Surface Panel 10w (cw) (6k),0,,,0
334,Halonix,Lighting,,Halonix Orion Surface Panel 15w Rd (cw) (6k),265,,,0
335,Halonix,Lighting,,Halonix Orion Surface Panel 22w Rd (cw) (6k),403,,,0
336,Halonix,Lighting,,Halonix Orion Surface Panel 22w Sq (cw) (6k),403,,,0
337,Halonix,Lighting,,Halonix Orion Surface Panel 8w  Rd (cw) (6k),171,,,0
338,Halonix,Lighting,,Halonix Orion Trios Surface Panel 15w Rd,269,,,0
339,Halonix,Lighting,,Halonix Orion Trios Surface Panel 15w Sq,269,,,0
340,Halonix,Lighting,,Halonix Ovate Bulk Head 10w (cw) (6k),149,,,0
341,Halonix,Lighting,,Halonix Ovate Bulk Head 20w (cw) (6k),215,,,0
342,Halonix,Lighting,,Halonix Ovate Motion Sensor Bulk Head 10w (cw) (6k),227,,,0
343,Halonix,Lighting,,Halonix Regel Pro Cob 12w (nw) (4k) Rose Gold,500,,,0
344,Halonix,Lighting,,Halonix Regel Pro Cob 7w (ww) (3k) Rose Gold,406,,,0
345,Halonix,Lighting,,Halonix Solaris Flood Light 100w (cw) (6k),1474,,,0
346,Halonix,Lighting,,Halonix Solaris Flood Light 30w (cw) (6k),655,,,0
347,Halonix,Lighting,,Halonix Solaris Flood Light 50w (cw) (6k),708,,,0
348,Halonix,Lighting,,Halonix Spark Rope 11w/120 (10mtr) (nw) (4k),1431,,,0
349,Halonix,Lighting,,Halonix Spark Rope 11w/120 (10mtr) (ww) (3k),1431,,,0
350,Halonix,Lighting,,Halonix Spark Rope 11w/120 (10mtr) Blue,1431,,,0
351,Halonix,Lighting,,Halonix Spiker Surface 3w (ww) (3k),74,,,0
352,Halonix,Lighting,,Halonix Strip Light 24w (nw) (4k) (5 Mtr),239,,,0
353,Halonix,Lighting,,Halonix Strip Light 24w (ww) (3k) (5 Mtr),239,,,0
354,Halonix,Lighting,,Halonix Strip Light Driver 12v/5a,380,,,0
355,Halonix,Mcbs,,Halonix Mcb Sure 10a Sp,92,,,0
356,Halonix,Mcbs,,Halonix Mcb Sure 16a Dp,273,,,0
357,Halonix,Mcbs,,Halonix Mcb Sure 16a Sp,92,,,0
358,Halonix,Mcbs,,Halonix Mcb Sure 20a Sp,92,,,0
359,Halonix,Mcbs,,Halonix Mcb Sure 25a Dp,273,,,0
360,Halonix,Mcbs,,Halonix Mcb Sure 25a Sp,92,,,0
361,Halonix,Mcbs,,Halonix Mcb Sure 32a Dp,273,,,0
362,Halonix,Mcbs,,Halonix Mcb Sure 32a Sp,92,,,0
363,Halonix,Mcbs,,Halonix Mcb Sure 32a Spn,614,,,0
364,Halonix,Mcbs,,Halonix Mcb Sure 32a Tp,450,,,0
365,Halonix,Mcbs,,Halonix Mcb Sure 32a Tpn,545,,,0
366,Halonix,Mcbs,,Halonix Mcb Sure 40a Dp,301,,,0
367,Halonix,Mcbs,,Halonix Mcb Sure 40a Fp,655,,,0
368,Halonix,Mcbs,,Halonix Mcb Sure 40a Sp,106,,,0
369,Halonix,Mcbs,,Halonix Mcb Sure 40a Tp,491,,,0
370,Halonix,Mcbs,,Halonix Mcb Sure 40a Tpn,587,,,0
371,Halonix,Mcbs,,Halonix Mcb Sure 63a Dp,355,,,0
372,Halonix,Mcbs,,Halonix Mcb Sure 63a Fp,723,,,0
373,Halonix,Mcbs,,Halonix Mcb Sure 63a Sp,126,,,0
374,Halonix,Mcbs,,Halonix Mcb Sure 63a Tp,532,,,0
375,Halonix,Mcbs,,Halonix Mcb Sure 63a Tpn,683,,,0
376,Halonix,Mcbs,,Halonix Mcb Sure 6a Sp,92,,,0
377,Halonix,Mcbs,,Halonix Sure Changeover 63a Dp,450,,,0
378,Halonix,Mcbs,,Halonix Sure Isolator 40a Dp,205,,,0
379,Halonix,Mcbs,,Halonix Sure Isolator 40a Fp,437,,,0
380,Halonix,Mcbs,,Halonix Sure Isolator 63a Dp,219,,,0
381,Halonix,Mcbs,,Halonix Sure Rccb 40a Dp 30ma,881,,,0
382,Halonix,Mcbs,,Halonix Sure Rccb 40a Fp 30ma,1228,,,0
383,Halonix,Mcbs,,Halonix Sure Rccb 63a Dp 30ma,992,,,0
384,Halonix,Mcbs,,Halonix Sure Rccb 63a Fp 100ma,1364,,,0
385,Halonix,Mcbs,,Halonix Sure Rccb 63a Fp 30ma,1364,,,0
386,Halonix,Prime Products,,Halonix Senso Pro Cabniet Light 3 Led,353,,,0
387,Halonix,Prime Products,,Halonix Senso Pro Cabniet Light 4 Led,435,,,0
388,Halonix,Prime Products,,Halonix Up-down Glow Cw+blue 10w,147,,,0
389,Halonix,Prime Products,,Halonix Up-down Glow Cw+ww 10w,147,,,0
390,Halonix,Prime Products,,Halonix Wall De-light Rd 12w (cw) (6k),173,,,0
391,Halonix,Prime Products,,Halonix Wall De-light Spritual 12w (cw) Rd Ganesh,183,,,0
392,Halonix,Prime Products,,Halonix Wall De-light Spritual 12w (cw) Rd Om,183,,,0
393,Halonix,Prime Products,,Halonix Wall De-light Spritual 12w (cw) Rd Ram,183,,,0
394,Halonix,Prime Products,,Halonix Wall De-light Spritual Glow 5w Allah,183,,,0
395,Halonix,Prime Products,,Halonix Wall De-light Spritual Glow 5w Durga,183,,,0
396,Halonix,Prime Products,,Halonix Wall De-light Spritual Glow 5w Ganesh,183,,,0
397,Halonix,Prime Products,,Halonix Wall De-light Spritual Glow 5w Hanuman,183,,,0
398,Halonix,Prime Products,,Halonix Wall De-light Spritual Glow 5w Jesus,183,,,0
399,Halonix,Prime Products,,Halonix Wall De-light Spritual Glow 5w Om,183,,,0
400,Halonix,Prime Products,,Halonix Wall De-light Spritual Glow 5w Ram,183,,,0
401,Halonix,Prime Products,,Halonix Wall De-light Spritual Glow 5w Tirupati,183,,,0
402,Halonix,Prime Products,,Halonix Wall De-light Sq 12w (cw) (6k),173,,,0
403,KEI Wires & Cables,Kei 90mtr Wire,,Kei 1c*0.50mm Green (90mtr) Homecab,1700,,,0
404,KEI Wires & Cables,Kei 90mtr Wire,,Kei 1c*0.50mm Yellow (90mtr) Homecab,1700,,,0
405,KEI Wires & Cables,Kei 90mtr Wire,,Kei 1c*0.75mm Black (90mtr) Homecab,2290,,,0
406,KEI Wires & Cables,Kei 90mtr Wire,,Kei 1c*0.75mm Blue (90mtr) Homecab,2290,,,0
407,KEI Wires & Cables,Kei 90mtr Wire,,Kei 1c*0.75mm Green (90mtr) Homecab,2290,,,0
408,KEI Wires & Cables,Kei 90mtr Wire,,Kei 1c*0.75mm Red (90mtr) Homecab,2290,,,0
409,KEI Wires & Cables,Kei 90mtr Wire,,Kei 1c*0.75mm Yellow (90mtr) Homecab,2290,,,0
410,KEI Wires & Cables,Kei 90mtr Wire,,Kei 1c*1.5mm Black (90mtr) Homecab,4390,,,0
411,KEI Wires & Cables,Kei 90mtr Wire,,Kei 1c*1.5mm Blue (90mtr) Homecab,4390,,,0
412,KEI Wires & Cables,Kei 90mtr Wire,,Kei 1c*1.5mm Green (90mtr) Homecab,4390,,,0
413,KEI Wires & Cables,Kei 90mtr Wire,,Kei 1c*1.5mm Grey (90mtr) Homecab,4390,,,0
414,KEI Wires & Cables,Kei 90mtr Wire,,Kei 1c*1.5mm Red (90mtr) Homecab,4390,,,0
415,KEI Wires & Cables,Kei 90mtr Wire,,Kei 1c*1.5mm White (90mtr) Homecab,4390,,,0
416,KEI Wires & Cables,Kei 90mtr Wire,,Kei 1c*1.5mm Yellow (90mtr) Homecab,4390,,,0
417,KEI Wires & Cables,Kei 90mtr Wire,,Kei 1c*1mm Black (90mtr) Homecab,2940,,,0
418,KEI Wires & Cables,Kei 90mtr Wire,,Kei 1c*1mm Blue (90mtr) Homecab,2940,,,0
419,KEI Wires & Cables,Kei 90mtr Wire,,Kei 1c*1mm Green (90mtr) Homecab,2940,,,0
420,KEI Wires & Cables,Kei 90mtr Wire,,Kei 1c*1mm Grey (90mtr) Homecab,2940,,,0
421,KEI Wires & Cables,Kei 90mtr Wire,,Kei 1c*1mm Red (90mtr) Homecab,2940,,,0
422,KEI Wires & Cables,Kei 90mtr Wire,,Kei 1c*1mm Yellow (90mtr) Homecab,2940,,,0
423,KEI Wires & Cables,Kei 90mtr Wire,,Kei 1c*2.5mm Black (90mtr) Homecab,7020,,,0
424,KEI Wires & Cables,Kei 90mtr Wire,,Kei 1c*2.5mm Blue (90mtr) Homecab,7020,,,0
425,KEI Wires & Cables,Kei 90mtr Wire,,Kei 1c*2.5mm Green (90mtr) Homecab,7020,,,0
426,KEI Wires & Cables,Kei 90mtr Wire,,Kei 1c*2.5mm Grey (90mtr) Homecab,7020,,,0
427,KEI Wires & Cables,Kei 90mtr Wire,,Kei 1c*2.5mm Red (90mtr) Homecab,7020,,,0
428,KEI Wires & Cables,Kei 90mtr Wire,,Kei 1c*2.5mm Yellow (90mtr) Homecab,7020,,,0
429,KEI Wires & Cables,Kei 90mtr Wire,,Kei 1c*4mm Black (90mtr) Homecab,10420,,,0
430,KEI Wires & Cables,Kei 90mtr Wire,,Kei 1c*4mm Blue (90mtr) Homecab,10420,,,0
431,KEI Wires & Cables,Kei 90mtr Wire,,Kei 1c*4mm Green (90mtr) Homecab,10420,,,0
432,KEI Wires & Cables,Kei 90mtr Wire,,Kei 1c*4mm Red (90mtr) Homecab,10420,,,0
433,KEI Wires & Cables,Kei 90mtr Wire,,Kei 1c*4mm Yellow (90mtr) Homecab,10420,,,0
434,KEI Wires & Cables,Kei 90mtr Wire,,Kei 1c*6mm Black (90mtr) Homecab,15780,,,0
435,KEI Wires & Cables,Kei 90mtr Wire,,Kei 1c*6mm Blue (90mtr) Homecab,15780,,,0
436,KEI Wires & Cables,Kei 90mtr Wire,,Kei 1c*6mm Green (90mtr) Homecab,15780,,,0
437,KEI Wires & Cables,Kei 90mtr Wire,,Kei 1c*6mm Red (90mtr) Homecab,15780,,,0
438,KEI Wires & Cables,Kei 90mtr Wire,,Kei 1c*6mm Yellow (90mtr) Homecab,15780,,,0
439,KEI Wires & Cables,Kei Communication Cable,,Kei 2p*0.4mm Tel Cable (100mtr.),24.4,,,0
440,KEI Wires & Cables,Kei Communication Cable,,Kei 2p*0.4mm Tel Cable (90mtr.),24.44,,,0
441,KEI Wires & Cables,Kei Communication Cable,,Kei 2p*0.5mm Tel Cable (100mtr.),35.1,,,0
442,KEI Wires & Cables,Kei Communication Cable,,Kei 4p*0.4mm Tel Cable (100mtr.),46.2,,,0
443,KEI Wires & Cables,Kei Communication Cable,,Kei Cat 6 Cable Blue,73.53,,,0
444,KEI Wires & Cables,Kei Communication Cable,,Kei Cat 6 Cable Grey,73.53,,,0
445,KEI Wires & Cables,Kei Communication Cable,,Kei Cat 6 Cable Yellow,73.53,,,0
446,KEI Wires & Cables,Kei Communication Cable,,Kei Rg6 Ccs Co Axial (305mtr.) Cable,28.2,,,0
447,KEI Wires & Cables,Kei Communication Cable,,Kei Rg6 Cu Co Axial (305mtr.) Cable,49.45,,,0
448,KEI Wires & Cables,Kei Flexible,,Kei 10c*1.5mm (100mtr.) Copper Flexible,558.3,,,0
450,KEI Wires & Cables,Kei Flexible,,Kei 12c*1.5mm (100mtr.) Copper Flexible,669.7,,,0
451,KEI Wires & Cables,Kei Flexible,,Kei 12c*1mm (100mtr.) Copper Flexible,476.8,,,0
452,KEI Wires & Cables,Kei Flexible,,Kei 16c*1.5mm Copper Flexible Cable,888.6,,,0
454,KEI Wires & Cables,Kei Flexible,,Kei 19c*1.5mm Copper Flexible,1050.8,,,0
455,KEI Wires & Cables,Kei Flexible,,Kei 1c*10mm  (100mtr.) Copper Flexible Red,362.6,,,0
456,KEI Wires & Cables,Kei Flexible,,Kei 1c*10mm (100mtr) Copper Flexible Black,362.6,,,0
457,KEI Wires & Cables,Kei Flexible,,Kei 1c*10mm (100mtr.) Copper Flexible Blue,362.6,,,0
458,KEI Wires & Cables,Kei Flexible,,Kei 1c*10mm (100mtr.) Copper Flexible Green,362.6,,,0
459,KEI Wires & Cables,Kei Flexible,,Kei 1c*10mm (100mtr.) Copper Flexible Yellow,362.6,,,0
460,KEI Wires & Cables,Kei Flexible,,Kei 1c*16mm (100mtr) Copper Flexible Black,568,,,0
461,KEI Wires & Cables,Kei Flexible,,Kei 1c*16mm (100mtr) Copper Flexible Green,568,,,0
462,KEI Wires & Cables,Kei Flexible,,Kei 1c*16mm (100mtr) Copper Flexible Red,568,,,0
463,KEI Wires & Cables,Kei Flexible,,Kei 1c*16mm (100mtr) Copper Flexible Yellow,568,,,0
464,KEI Wires & Cables,Kei Flexible,,Kei 1c*25mm (100mtr.) Copper Flexible,924.7,,,0
465,KEI Wires & Cables,Kei Flexible,,Kei 1c*35mm (100mtr.) Copper Flexible,1296,,,0
466,KEI Wires & Cables,Kei Flexible,,Kei 1c*50mm (100mtr.) Copper Flexible,1858.1,,,0
467,KEI Wires & Cables,Kei Flexible,,Kei 2c*0.75mm (100mtr) Copper Flexible,67.4,,,0
468,KEI Wires & Cables,Kei Flexible,,Kei 2c*1.5mm (100mtr) Copper Flexible,116,,,0
469,KEI Wires & Cables,Kei Flexible,,Kei 2c*10mm (100mtr.) Copper Flexible,765.9,,,0
470,KEI Wires & Cables,Kei Flexible,,Kei 2c*16mm (100mtr.) Copper Flexible,1189.7,,,0
471,KEI Wires & Cables,Kei Flexible,,Kei 2c*1mm (100mtr) Copper Flexible,82,,,0
472,KEI Wires & Cables,Kei Flexible,,Kei 2c*2.5mm (100mtr.) Copper Flexible,190.2,,,0
474,KEI Wires & Cables,Kei Flexible,,Kei 2c*4 Mm Copper Flexible,308.2,,,0
475,KEI Wires & Cables,Kei Flexible,,Kei 2c*6 Sqmm Copper Flexible,453.5,,,0
476,KEI Wires & Cables,Kei Flexible,,Kei 3c*1.5mm (100mtr.) Copper Flexible,167.8,,,0
477,KEI Wires & Cables,Kei Flexible,,Kei 3c*10mm (100mtr.) Copper Flexible,1124.7,,,0
478,KEI Wires & Cables,Kei Flexible,,Kei 3c*16mm (100mtr.) Copper Flexible,1752.2,,,0
479,KEI Wires & Cables,Kei Flexible,,Kei 3c*1mm (100mtr.) Copper Flexible,117.8,,,0
480,KEI Wires & Cables,Kei Flexible,,Kei 3c*2.5mm (100mtr.) Copper Flexible,276.2,,,0
482,KEI Wires & Cables,Kei Flexible,,Kei 3c*4mm (100 Mtr.) Copper Flexible,449,,,0
483,KEI Wires & Cables,Kei Flexible,,Kei 3c*6mm (100mtr.) Copper Flexible,664.4,,,0
484,KEI Wires & Cables,Kei Flexible,,Kei 4c*1.5mm (100mtr.) Copper Flexible,220.9,,,0
485,KEI Wires & Cables,Kei Flexible,,Kei 4c*10mm (100mtr.) Copper Flexible,1492.3,,,0
486,KEI Wires & Cables,Kei Flexible,,Kei 4c*16mm (100mtr.) Copper Flexible,2326.3,,,0
487,KEI Wires & Cables,Kei Flexible,,Kei 4c*1mm (100mtr.) Copper Flexible,154.9,,,0
488,KEI Wires & Cables,Kei Flexible,,Kei 4c*2.5mm (100mtr) Copper Flexible,364.1,,,0
489,KEI Wires & Cables,Kei Flexible,,Kei 4c*25mm (100mtr.) Copper Flexibal,3569.3,,,0
490,KEI Wires & Cables,Kei Flexible,,Kei 4c*4mm (100mtr) Copper Flexibal,593.7,,,0
491,KEI Wires & Cables,Kei Flexible,,Kei 4c*6mm (100mtr.) Copper Flexible,880.8,,,0
492,KEI Wires & Cables,Kei Flexible,,Kei 5c*2.5mm (100mtr.) Copper Flexible,465.1,,,0
493,KEI Wires & Cables,Kei Flexible,,Kei 6c*1.5mm (100mtr.) Copper Flexible,342.6,,,0
494,KEI Wires & Cables,Kei Flexible,,Kei 6c*1mm (100mtr.) Copper Flexible,240.5,,,0
495,KEI Wires & Cables,Kei Flexible,,Kei 7c*1.5mm (100mtr.) Copper Flexible,390,,,0
496,KEI Wires & Cables,Kei Fr (300/200 Mtr),,Kei 1c*0.75mm Black (300mtr) Homecab,27.63,,,0
497,KEI Wires & Cables,Kei Fr (300/200 Mtr),,Kei 1c*0.75mm Grey (300mtr) Homecab,27.63,,,0
498,KEI Wires & Cables,Kei Fr (300/200 Mtr),,Kei 1c*1.5mm Black (300mtr) Homecab,54.7,,,0
499,KEI Wires & Cables,Kei Fr (300/200 Mtr),,Kei 1c*1.5mm Blue (300mtr) Homecab,54.7,,,0
500,KEI Wires & Cables,Kei Fr (300/200 Mtr),,Kei 1c*1.5mm Green (300mtr) Homecab,54.7,,,0
501,KEI Wires & Cables,Kei Fr (300/200 Mtr),,Kei 1c*1.5mm Grey (300mtr) Homecab,54.7,,,0
502,KEI Wires & Cables,Kei Fr (300/200 Mtr),,Kei 1c*1.5mm Red (300mtr) Homecab,54.7,,,0
503,KEI Wires & Cables,Kei Fr (300/200 Mtr),,Kei 1c*1.5mm Yellow (300mtr) Homecab,54.7,,,0
504,KEI Wires & Cables,Kei Fr (300/200 Mtr),,Kei 1c*1mm Black (300mtr) Homecab,35.67,,,0
505,KEI Wires & Cables,Kei Fr (300/200 Mtr),,Kei 1c*1mm Blue (300mtr) Homecab,35.67,,,0
506,KEI Wires & Cables,Kei Fr (300/200 Mtr),,Kei 1c*1mm Green (300mtr) Homecab,35.67,,,0
507,KEI Wires & Cables,Kei Fr (300/200 Mtr),,Kei 1c*1mm Grey (300mtr) Homecab,35.67,,,0
508,KEI Wires & Cables,Kei Fr (300/200 Mtr),,Kei 1c*1mm Red (300mtr) Homecab,35.67,,,0
509,KEI Wires & Cables,Kei Fr (300/200 Mtr),,Kei 1c*1mm Yellow (300mtr) Homecab,35.67,,,0
510,KEI Wires & Cables,Kei Fr (300/200 Mtr),,Kei 1c*2.5mm Black (300mtr) Homecab,88.9,,,0
511,KEI Wires & Cables,Kei Fr (300/200 Mtr),,Kei 1c*2.5mm Blue (300mtr) Homecab,88.9,,,0
512,KEI Wires & Cables,Kei Fr (300/200 Mtr),,Kei 1c*2.5mm Green (300mtr) Homecab,88.9,,,0
513,KEI Wires & Cables,Kei Fr (300/200 Mtr),,Kei 1c*2.5mm Red (300mtr) Homecab,88.9,,,0
514,KEI Wires & Cables,Kei Fr (300/200 Mtr),,Kei 1c*2.5mm Yellow (300mtr) Homecab,88.9,,,0
515,KEI Wires & Cables,Kei Fr (300/200 Mtr),,Kei 1c*4mm Black (200mtr) Homecab,132.75,,,0
516,KEI Wires & Cables,Kei Fr (300/200 Mtr),,Kei 1c*4mm Blue (200mtr) Homecab,132.75,,,0
517,KEI Wires & Cables,Kei Fr (300/200 Mtr),,Kei 1c*4mm Green (200mtr) Homecab,132.75,,,0
518,KEI Wires & Cables,Kei Fr (300/200 Mtr),,Kei 1c*4mm Red (200mtr) Homecab,132.75,,,0
519,KEI Wires & Cables,Kei Fr (300/200 Mtr),,Kei 1c*4mm Yellow (200mtr) Homecab,132.75,,,0
520,KEI Wires & Cables,Kei Fr (300/200 Mtr),,Kei 1c*6mm Black (200mtr) Homecab,202.8,,,0
521,KEI Wires & Cables,Kei Fr (300/200 Mtr),,Kei 1c*6mm Blue (200mtr) Homecab,202.8,,,0
522,KEI Wires & Cables,Kei Fr (300/200 Mtr),,Kei 1c*6mm Green (200mtr) Homecab,202.8,,,0
523,KEI Wires & Cables,Kei Fr (300/200 Mtr),,Kei 1c*6mm Red (200mtr) Homecab,202.8,,,0
524,KEI Wires & Cables,Kei Fr (300/200 Mtr),,Kei 1c*6mm Yellow (200mtr) Homecab,202.8,,,0
527,KEI Wires & Cables,Kei Frlsh (300/200 Mtr),,Kei 1c*0.75mm Black (300mtr) Frlsh,28.67,,,0
528,KEI Wires & Cables,Kei Frlsh (300/200 Mtr),,Kei 1c*0.75mm Green (300mtr) Frlsh,28.67,,,0
529,KEI Wires & Cables,Kei Frlsh (300/200 Mtr),,Kei 1c*0.75mm Yellow (300mtr) Frlsh,28.67,,,0
530,KEI Wires & Cables,Kei Frlsh (300/200 Mtr),,Kei 1c*1.5mm Black (300mtr) Frlsh,56.6,,,0
531,KEI Wires & Cables,Kei Frlsh (300/200 Mtr),,Kei 1c*1.5mm Blue (300mtr) Frlsh,56.6,,,0
532,KEI Wires & Cables,Kei Frlsh (300/200 Mtr),,Kei 1c*1.5mm Green (300mtr) Frlsh,56.6,,,0
533,KEI Wires & Cables,Kei Frlsh (300/200 Mtr),,Kei 1c*1.5mm Red (300mtr) Frlsh,56.6,,,0
534,KEI Wires & Cables,Kei Frlsh (300/200 Mtr),,Kei 1c*1.5mm Yellow (300mtr) Frlsh,56.6,,,0
535,KEI Wires & Cables,Kei Frlsh (300/200 Mtr),,Kei 1c*1mm Black (300mtr) Frlsh,37.2,,,0
536,KEI Wires & Cables,Kei Frlsh (300/200 Mtr),,Kei 1c*1mm Blue (300mtr) Frlsh,37.2,,,0
537,KEI Wires & Cables,Kei Frlsh (300/200 Mtr),,Kei 1c*1mm Green 300mtr) Frlsh,37.2,,,0
538,KEI Wires & Cables,Kei Frlsh (300/200 Mtr),,Kei 1c*1mm Red (300mtr) Frlsh,37.2,,,0
539,KEI Wires & Cables,Kei Frlsh (300/200 Mtr),,Kei 1c*1mm Yellow (300mtr) Frlsh,37.2,,,0
540,KEI Wires & Cables,Kei Frlsh (300/200 Mtr),,Kei 1c*2.5mm Black (300mtr) Frlsh,91.97,,,0
541,KEI Wires & Cables,Kei Frlsh (300/200 Mtr),,Kei 1c*2.5mm Blue (300mtr) Frlsh,91.97,,,0
542,KEI Wires & Cables,Kei Frlsh (300/200 Mtr),,Kei 1c*2.5mm Green (300mtr) Frlsh,91.97,,,0
543,KEI Wires & Cables,Kei Frlsh (300/200 Mtr),,Kei 1c*2.5mm Red (300mtr) Frlsh,91.97,,,0
544,KEI Wires & Cables,Kei Frlsh (300/200 Mtr),,Kei 1c*2.5mm Yellow (300mtr) Frlsh,91.97,,,0
545,KEI Wires & Cables,Kei Frlsh (300/200 Mtr),,Kei 1c*4mm Black (200mtr) Frlsh,137.35,,,0
546,KEI Wires & Cables,Kei Frlsh (300/200 Mtr),,Kei 1c*4mm Blue (200mtr) Frlsh,137.35,,,0
547,KEI Wires & Cables,Kei Frlsh (300/200 Mtr),,Kei 1c*4mm Green (200mtr) Frlsh,137.35,,,0
548,KEI Wires & Cables,Kei Frlsh (300/200 Mtr),,Kei 1c*4mm Red (200mtr) Frlsh,137.35,,,0
549,KEI Wires & Cables,Kei Frlsh (300/200 Mtr),,Kei 1c*4mm Yellow (200mtr) Frlsh,137.35,,,0
550,KEI Wires & Cables,Kei Frlsh (300/200 Mtr),,Kei 1c*6mm Black (200mtr) Frlsh,209.8,,,0
551,KEI Wires & Cables,Kei Frlsh (300/200 Mtr),,Kei 1c*6mm Blue (200mtr) Frlsh,209.8,,,0
552,KEI Wires & Cables,Kei Frlsh (300/200 Mtr),,Kei 1c*6mm Green (200mtr) Frlsh,209.8,,,0
553,KEI Wires & Cables,Kei Frlsh (300/200 Mtr),,Kei 1c*6mm Red (200mtr) Frlsh,209.8,,,0
554,KEI Wires & Cables,Kei Frlsh (300/200 Mtr),,Kei 1c*6mm Yellow (200mtr) Frlsh,209.8,,,0
555,RR Kabel,Rr Kabel  Q1 90mtr,,Rr 1c*0.75 Sqmm Green (90mtr) Q1,2150,,,0
556,RR Kabel,Rr Kabel  Q1 90mtr,,Rr 1c*1.0 Sqmm Black (90mtr) Q1,2799,,,0
557,RR Kabel,Rr Kabel  Q1 90mtr,,Rr 1c*1.0 Sqmm Blue (90mtr) Q1,2799,,,0
558,RR Kabel,Rr Kabel  Q1 90mtr,,Rr 1c*1.0 Sqmm Green (90mtr) Q1,2799,,,0
559,RR Kabel,Rr Kabel  Q1 90mtr,,Rr 1c*1.0 Sqmm Red (90mtr) Q1,2799,,,0
560,RR Kabel,Rr Kabel  Q1 90mtr,,Rr 1c*1.0 Sqmm Yellow (90mtr) Q1,2799,,,0
561,RR Kabel,Rr Kabel  Q1 90mtr,,Rr 1c*1.5 Sqmm Black (90mtr) Q1,4049,,,0
562,RR Kabel,Rr Kabel  Q1 90mtr,,Rr 1c*1.5 Sqmm Blue (90mtr) Q1,4049,,,0
563,RR Kabel,Rr Kabel  Q1 90mtr,,Rr 1c*1.5 Sqmm Green (90mtr) Q1,4049,,,0
564,RR Kabel,Rr Kabel  Q1 90mtr,,Rr 1c*1.5 Sqmm Grey (90mtr) Q1,4049,,,0
565,RR Kabel,Rr Kabel  Q1 90mtr,,Rr 1c*1.5 Sqmm Red (90mtr) Q1,4049,,,0
566,RR Kabel,Rr Kabel  Q1 90mtr,,Rr 1c*1.5 Sqmm Yellow (90mtr) Q1,4049,,,0
567,RR Kabel,Rr Kabel  Q1 90mtr,,Rr 1c*2.5 Sqmm Black (90mtr) Q1,6476,,,0
568,RR Kabel,Rr Kabel  Q1 90mtr,,Rr 1c*2.5 Sqmm Blue (90mtr) Q1,6476,,,0
569,RR Kabel,Rr Kabel  Q1 90mtr,,Rr 1c*2.5 Sqmm Green (90mtr) Q1,6476,,,0
570,RR Kabel,Rr Kabel  Q1 90mtr,,Rr 1c*2.5 Sqmm Red (90mtr) Q1,6476,,,0
571,RR Kabel,Rr Kabel  Q1 90mtr,,Rr 1c*2.5 Sqmm Yellow (90mtr) Q1,6476,,,0
572,RR Kabel,Rr Kabel  Q1 90mtr,,Rr 1c*4.0 Sqmm Black (90mtr) Q1,10154,,,0
573,RR Kabel,Rr Kabel  Q1 90mtr,,Rr 1c*4.0 Sqmm Blue (90mtr) Q1,10154,,,0
574,RR Kabel,Rr Kabel  Q1 90mtr,,Rr 1c*4.0 Sqmm Green (90mtr) Q1,10154,,,0
575,RR Kabel,Rr Kabel  Q1 90mtr,,Rr 1c*4.0 Sqmm Red (90mtr) Q1,10154,,,0
576,RR Kabel,Rr Kabel  Q1 90mtr,,Rr 1c*4.0 Sqmm Yellow (90mtr) Q1,10154,,,0
577,RR Kabel,Rr Kabel  Q1 90mtr,,Rr 1c*6.0 Sqmm Black (90mtr) Q1,15165,,,0
578,RR Kabel,Rr Kabel  Q1 90mtr,,Rr 1c*6.0 Sqmm Blue (90mtr) Q1,15165,,,0
579,RR Kabel,Rr Kabel  Q1 90mtr,,Rr 1c*6.0 Sqmm Green (90mtr) Q1,15165,,,0
580,RR Kabel,Rr Kabel  Q1 90mtr,,Rr 1c*6.0 Sqmm Red (90mtr) Q1,15165,,,0
581,RR Kabel,Rr Kabel  Q1 90mtr,,Rr 1c*6.0 Sqmm Yellow (90mtr) Q1,15165,,,0
582,RR Kabel,Rr Kabel Fr Hsf,,Rr 1c*0.75mm Black (200mtr.) Fr Hsf,5579,,,0
583,RR Kabel,Rr Kabel Fr Hsf,,Rr 1c*0.75mm Blue (200mtr.) Fr Hsf,5579,,,0
584,RR Kabel,Rr Kabel Fr Hsf,,Rr 1c*0.75mm Brown (200mtr.) Fr Hsf,5579,,,0
585,RR Kabel,Rr Kabel Fr Hsf,,Rr 1c*0.75mm Green (200mtr.) Fr Hsf,5579,,,0
586,RR Kabel,Rr Kabel Fr Hsf,,Rr 1c*0.75mm Grey (200mtr.) Fr Hsf,5579,,,0
587,RR Kabel,Rr Kabel Fr Hsf,,Rr 1c*0.75mm Red (200mtr.) Fr Hsf,5579,,,0
588,RR Kabel,Rr Kabel Fr Hsf,,Rr 1c*0.75mm Yellow(200mtr.) Fr Hsf,5579,,,0
589,RR Kabel,Rr Kabel Fr Hsf,,Rr 1c*1.5mm Black (200mtr.) Fr Hsf,10539,,,0
590,RR Kabel,Rr Kabel Fr Hsf,,Rr 1c*1.5mm Blue (200mtr.) Fr Hsf,10539,,,0
591,RR Kabel,Rr Kabel Fr Hsf,,Rr 1c*1.5mm Green (200mtr.) Fr Hsf,10539,,,0
592,RR Kabel,Rr Kabel Fr Hsf,,Rr 1c*1.5mm Grey (200mtr.) Fr Hsf,10539,,,0
593,RR Kabel,Rr Kabel Fr Hsf,,Rr 1c*1.5mm Red (200mtr.) Fr Hsf,10539,,,0
594,RR Kabel,Rr Kabel Fr Hsf,,Rr 1c*1.5mm Yellow (200mtr.) Fr Hsf,10539,,,0
595,RR Kabel,Rr Kabel Fr Hsf,,Rr 1c*1mm Black (200mtr.) Fr Hsf,7287,,,0
596,RR Kabel,Rr Kabel Fr Hsf,,Rr 1c*1mm Blue  (200mtr.) Fr Hsf,7287,,,0
597,RR Kabel,Rr Kabel Fr Hsf,,Rr 1c*1mm Green (200mtr.) Fr Hsf,7287,,,0
598,RR Kabel,Rr Kabel Fr Hsf,,Rr 1c*1mm Grey (200mtr.) Fr Hsf,7287,,,0
599,RR Kabel,Rr Kabel Fr Hsf,,Rr 1c*1mm Red (200mtr.) Fr Hsf,7287,,,0
600,RR Kabel,Rr Kabel Fr Hsf,,Rr 1c*1mm Yellow (200mtr.) Fr Hsf,7287,,,0
601,RR Kabel,Rr Kabel Fr Hsf,,Rr 1c*2.5mm Black (200mtr.) Fr Hsf,17156,,,0
602,RR Kabel,Rr Kabel Fr Hsf,,Rr 1c*2.5mm Blue (200mtr.) Fr Hsf,17156,,,0
603,RR Kabel,Rr Kabel Fr Hsf,,Rr 1c*2.5mm Green (200mtr.) Fr Hsf,17156,,,0
604,RR Kabel,Rr Kabel Fr Hsf,,Rr 1c*2.5mm Red (200mtr.) Fr Hsf,17156,,,0
605,RR Kabel,Rr Kabel Fr Hsf,,Rr 1c*2.5mm Yellow (200mtr.) Fr Hsf,17156,,,0
606,RR Kabel,Rr Kabel Fr Hsf,,Rr 1c*4mm Black (200mtr.) Fr Hsf,26378,,,0
607,RR Kabel,Rr Kabel Fr Hsf,,Rr 1c*4mm Blue (200mtr.) Fr Hsf,26378,,,0
608,RR Kabel,Rr Kabel Fr Hsf,,Rr 1c*4mm Green (200mtr.) Fr Hsf,26378,,,0
609,RR Kabel,Rr Kabel Fr Hsf,,Rr 1c*4mm Red (200mtr.) Fr Hsf,26378,,,0
610,RR Kabel,Rr Kabel Fr Hsf,,Rr 1c*4mm Yellow (200mtr.) Fr Hsf,26378,,,0
611,RR Kabel,Rr Kabel Fr Hsf,,Rr 1c*6mm Black (200mtr.) Fr Hsf,39225,,,0
612,RR Kabel,Rr Kabel Fr Hsf,,Rr 1c*6mm Blue (200mtr.) Fr Hsf,39225,,,0
613,RR Kabel,Rr Kabel Fr Hsf,,Rr 1c*6mm Green (200mtr.) Fr Hsf,39225,,,0
614,RR Kabel,Rr Kabel Fr Hsf,,Rr 1c*6mm Red (200mtr.) Fr Hsf,39225,,,0
615,RR Kabel,Rr Kabel Fr Hsf,,Rr 1c*6mm Yellow (200mtr.) Fr Hsf,39225,,,0
616,RR Kabel,Rr Kabel Fr-lsh,,Rr 1c*1.0 Mm Black (200mtr.) Fr-lsh,7544,,,0
617,RR Kabel,Rr Kabel Fr-lsh,,Rr 1c*1.0 Mm Blue (200mtr.) Fr-lsh,7544,,,0
618,RR Kabel,Rr Kabel Fr-lsh,,Rr 1c*1.0 Mm Green (200mtr.) Fr-lsh,7544,,,0
619,RR Kabel,Rr Kabel Fr-lsh,,Rr 1c*1.0 Mm Grey (200mtr.) Fr-lsh,7544,,,0
620,RR Kabel,Rr Kabel Fr-lsh,,Rr 1c*1.0 Mm Red (200mtr.) Fr-lsh,7544,,,0
621,RR Kabel,Rr Kabel Fr-lsh,,Rr 1c*1.0 Mm White (200mtr.) Fr-lsh,7544,,,0
622,RR Kabel,Rr Kabel Fr-lsh,,Rr 1c*1.0 Mm Yellow (200mtr.) Fr-lsh,7544,,,0
623,RR Kabel,Rr Kabel Fr-lsh,,Rr 1c*1.5 Mm (200mtr.) Fr-lsh,10899,,,0
624,RR Kabel,Rr Kabel Fr-lsh,,Rr 1c*1.50 Mm Black (200mtr) Fr-lsh,10899,,,0
625,RR Kabel,Rr Kabel Fr-lsh,,Rr 1c*1.50 Mm Blue (200mtr.) Fr-lsh,10899,,,0
626,RR Kabel,Rr Kabel Fr-lsh,,Rr 1c*1.50 Mm Green (200mtr.) Fr-lsh,10899,,,0
627,RR Kabel,Rr Kabel Fr-lsh,,Rr 1c*1.50 Mm Grey (200mtr.) Fr-lsh,10899,,,0
628,RR Kabel,Rr Kabel Fr-lsh,,Rr 1c*1.50 Mm Red (200mtr.) Fr-lsh,10899,,,0
629,RR Kabel,Rr Kabel Fr-lsh,,Rr 1c*1.50 Mm White (200mtr.) Fr-lsh,10899,,,0
630,RR Kabel,Rr Kabel Fr-lsh,,Rr 1c*1.50 Mm Yellow (200mtr.) Fr-lsh,10899,,,0
631,RR Kabel,Rr Kabel Fr-lsh,,Rr 1c*2.5 Mm (200mtr.) Fr-lsh,17761,,,0
632,RR Kabel,Rr Kabel Fr-lsh,,Rr 1c*2.5 Mm Black (200mtr) Fr-lsh,17761,,,0
633,RR Kabel,Rr Kabel Fr-lsh,,Rr 1c*2.5 Mm Blue (200mtr) Fr-lsh,17761,,,0
634,RR Kabel,Rr Kabel Fr-lsh,,Rr 1c*2.5 Mm Green (200mtr) Fr-lsh,17761,,,0
635,RR Kabel,Rr Kabel Fr-lsh,,Rr 1c*2.5 Mm Red (200mtr.) Fr-lsh,17761,,,0
636,RR Kabel,Rr Kabel Fr-lsh,,Rr 1c*2.5 Mm Yellow (200mtr.) Fr-lsh,17761,,,0
637,RR Kabel,Rr Kabel Fr-lsh,,Rr 1c*2.50 Mm Grey (200mtr.) Fr-lsh,17761,,,0
638,RR Kabel,Rr Kabel Fr-lsh,,Rr 1c*4.0 Mm (200mtr.) Fr-lsh,27301,,,0
639,RR Kabel,Rr Kabel Fr-lsh,,Rr 1c*4.0 Mm Black (200mtr) Fr-lsh,27301,,,0
640,RR Kabel,Rr Kabel Fr-lsh,,Rr 1c*4.0 Mm Blue (200mtr) Fr-lsh,27301,,,0
641,RR Kabel,Rr Kabel Fr-lsh,,Rr 1c*4.0 Mm Green (200mtr) Fr-lsh,27301,,,0
642,RR Kabel,Rr Kabel Fr-lsh,,Rr 1c*4.0 Mm Red (200mtr) Fr-lsh,27301,,,0
643,RR Kabel,Rr Kabel Fr-lsh,,Rr 1c*4.0 Mm Yellow (200mtr) Fr-lsh,27301,,,0
644,RR Kabel,Rr Kabel Fr-lsh,,Rr 1c*6 Mm Black (200mtr) Fr-lsh,40498,,,0
645,RR Kabel,Rr Kabel Fr-lsh,,Rr 1c*6 Mm Blue (200mtr) Fr-lsh,40498,,,0
646,RR Kabel,Rr Kabel Fr-lsh,,Rr 1c*6 Mm Green (200mtr) Fr-lsh,40498,,,0
647,RR Kabel,Rr Kabel Fr-lsh,,Rr 1c*6 Mm Yellow (200mtr) Fr-lsh,40498,,,0
648,RR Kabel,Rr Kabel Fr-lsh,,Rr 1c*6mm Red (200mtr) Fr-lsh,40498,,,0
649,Saraswati,Saraswati,,Saraswati Bend 25mm,9,,,0
650,Saraswati,Saraswati,,Saraswati Conduit Pipe 20mm Lms,60,,,0
651,Saraswati,Saraswati,,Saraswati Conduit Pipe 25mm Hms,126,,,0
652,Saraswati,Saraswati,,Saraswati Conduit Pipe 25mm Lms,80,,,0
653,Saraswati,Saraswati,,Saraswati Conduit Pipe 25mm Mms,102,,,0
654,Saraswati,Saraswati,,Saraswati Conduit Pipe 32mm Lms,126,,,0
655,Saraswati,Saraswati,,Saraswati Conduit Pipe 32mm Mms,152,,,0
656,Saraswati,Saraswati,,Saraswati Pvc J/b 3 Way 25 Mm,14,,,0
657,Saraswati,Saraswati,,Saraswati Pvc J/b 4 Way 25mm,14,,,0
